from,age_group,interval,n,obs_H,obs_C,obs_D,obs_L,obs_N,obs_X,exp_H,exp_C,exp_D,exp_L,exp_N,exp_X,pearson_x2,cells
H,50-64,over 2.25 years,5361,4067,1121,118,14,2,39,3969.843925727361,1184.7420911770162,140.70454410903557,25.850658645518923,1.650964654246469,38.20781568682294,14.993800902970529,6
H,50-64,up to 2.25 years,15251,12451,2401,268,39,3,89,12556.55725959589,2343.3003746014247,263.7072686574379,33.45507592082329,1.8955269624140572,52.084494262013045,30.10488215057098,6
H,65-74,over 2.25 years,1896,1314,483,50,10,10,29,1301.7655535807623,491.61558591571145,55.7386983257125,9.602604340275684,1.9716271647073016,35.30593067283091,34.69070497628995,6
H,65-74,up to 2.25 years,5392,4121,1058,112,16,9,76,4189.858629465099,1028.011154714068,107.53362209069539,12.609753633449422,2.314781961692751,51.67205813499584,33.86471833390432,6
H,75-84,over 2.25 years,859,537,204,57,14,20,27,541.5016329841662,210.17775910222164,52.056001414459445,11.054306588684081,4.747067477105055,39.463232433363714,54.41925226397512,6
H,75-84,up to 2.25 years,2104,1517,396,82,9,16,84,1530.3055071003719,402.46279798741284,98.20936140224933,15.37325558454405,5.830272351703986,51.81880557371807,43.26156800047833,6
H,85+,over 2.25 years,244,113,49,35,8,23,16,118.79468316019356,47.692743281956595,29.782770275307627,9.538207264051668,6.286431246006686,31.905164772483893,53.84535608736668,6
H,85+,up to 2.25 years,551,322,84,44,12,25,64,339.08102203952666,89.7745532870357,60.89238110551972,13.929210942964911,8.403109590134502,38.919723034818524,55.127589546345604,6
C,50-64,over 2.25 years,13745,0,12334,1035,182,26,168,24.097833754176996,12059.093608911302,1090.3774076712057,227.65865253972453,23.113977939259982,320.65851918433134,115.37216265942811,6
C,50-64,up to 2.25 years,38619,0,34673,2572,418,33,923,35.31963496823537,35123.3999516935,2482.438149994594,382.5059004683052,44.99834867839988,550.3380141969623,303.16783523994945,6
C,65-74,over 2.25 years,12329,0,10795,989,170,73,302,9.333876599818458,10560.384929126463,969.0179983951143,184.32446691346473,52.82737089947891,553.1113580656615,137.77857771619375,6
C,65-74,up to 2.25 years,34431,0,30201,2306,309,88,1527,14.221897617287649,30767.611434246035,2250.7636139004626,318.20332468570143,102.81029347394221,977.389436076573,337.4715538516198,6
C,75-84,over 2.25 years,9163,0,7073,1058,254,218,560,7.930988372579705,6811.09342063396,1050.8153669528579,248.88949040796433,164.01757648713956,880.2531571454997,152.4374405474575,6
C,75-84,up to 2.25 years,23404,0,18430,2306,372,201,2095,11.648665739352301,18991.785182419175,2308.271849479259,402.54373080672656,297.34478453380234,1392.4057870216895,416.325767465892,6
C,85+,over 2.25 years,2922,0,1659,446,191,244,382,3.404227146784199,1529.338074460347,437.511267672043,142.82097173279095,169.33557629137846,639.5898826966568,167.47851156545056,6
C,85+,up to 2.25 years,7241,0,4291,968,253,261,1468,5.212596840844552,4714.656835620591,1024.3399825797612,237.31114403028124,318.6684815371593,940.8109593913632,353.2677944907973,6
D,50-64,over 2.25 years,2075,56,910,782,265,14,48,35.61286180072572,976.7628500492926,679.549026875626,264.55846151330064,9.987769297481591,108.52903046357366,67.05096758094513,6
D,50-64,up to 2.25 years,6059,133,2432,2397,733,20,344,88.11089646742982,2313.9926362240085,2670.3027018793705,752.7317671052995,20.72873322106356,213.13326510282857,137.75639105933064,6
D,65-74,over 2.25 years,1665,22,668,635,219,40,81,12.457970239019481,725.451178092419,523.0171981401434,193.55318135084636,24.0393197416197,186.48115243595237,109.44174294272179,6
D,65-74,up to 2.25 years,4862,49,1840,1814,527,44,588,30.50644644298852,1727.315821103473,2125.775406374038,547.54221652201,53.46531142789678,377.3947981295939,184.26322487833284,6
D,75-84,over 2.25 years,1769,10,550,652,289,102,166,9.334610030671632,574.1726480868591,517.756986709049,241.7205025596055,82.85828926282394,343.1569633509911,140.99950764258466,6
D,75-84,up to 2.25 years,4773,34,1420,1683,562,123,951,21.697710726407706,1301.9619586004608,2030.3419161396096,635.2999753655007,180.97108446554665,602.7273547024748,305.3674138273724,6
D,85+,over 2.25 years,1031,6,182,311,205,134,193,4.04912090250024,194.30061831639574,228.35765104435228,151.91794648423587,100.12693460394284,352.2477286485731,133.62799049562014,6
D,85+,up to 2.25 years,2997,21,518,844,363,232,1019,10.909334728265533,513.4688587350952,1134.398960762052,453.71515044106536,263.1051624114043,621.4025329221178,359.9268218334692,6
L,50-64,over 2.25 years,772,1,133,248,338,18,34,6.166868466581876,162.0481045161796,231.59800672930677,277.8310512823565,12.078123887558714,82.27784511801669,54.95955047307907,6
L,50-64,up to 2.25 years,2210,12,267,711,962,16,242,10.401472912904222,260.08835541043794,641.4884969818394,1108.5402057000656,29.44477374023508,160.0366952545178,75.44981858185896,6
L,65-74,over 2.25 years,533,2,64,140,250,34,43,1.526226767238394,85.52524473743688,125.61838656793313,186.39688874531225,22.989981893100595,110.94327128897882,75.79622138765795,6
L,65-74,up to 2.25 years,1705,1,152,399,719,64,370,2.6128374569181227,141.49002772976317,377.89762800034185,872.8651474788578,65.27104130965387,244.86331802446523,94.05285296402207,6
L,75-84,over 2.25 years,592,0,51,117,283,72,69,0.8022984452198682,48.1473232226558,95.23118175826485,200.16348557766565,45.47524093679868,202.18047005939525,143.42892793239508,6
L,75-84,up to 2.25 years,1985,3,92,303,740,85,762,1.4178380581180778,83.69733876502602,284.745580126934,1054.1510612846153,123.8049939758526,437.1831877894541,350.87473609216664,6
L,85+,over 2.25 years,421,0,17,69,174,69,92,0.3072471729143443,14.739446510411987,37.633674521182165,112.59289617985127,37.561314807445726,218.1654208081946,159.25600070842728,5
L,85+,up to 2.25 years,1882,1,41,149,557,138,996,0.7255762376870267,33.77308280305802,156.5796612375349,936.1537665734531,141.39261803309952,613.3752951151674,394.34252346690783,6
N,50-64,over 2.25 years,40,0,4,3,6,24,3,0.12618657727161717,3.1749075306643313,5.1369642595293765,3.852456283923011,17.92432831421678,9.785157034394887,9.064881055284129,5
N,50-64,up to 2.25 years,145,0,18,9,11,64,43,0.22300853290779127,5.31249543609799,14.980893099907197,10.917935482841507,88.93172395879142,24.633943489454087,53.37168668357654,5
N,65-74,over 2.25 years,84,1,5,3,8,56,11,0.06628836774217788,3.564310508157906,5.82621411865256,3.922810731476973,36.47570494515264,34.14467132881775,32.32604529946567,5
N,65-74,up to 2.25 years,410,2,21,12,11,192,172,0.1235408192272675,6.763974282989339,21.02263162059443,13.82527288235308,269.0777992766076,99.18678111822831,109.94348416954439,5
N,75-84,over 2.25 years,214,0,10,5,15,152,32,0.07485463904036786,4.646057540077647,9.274820034430245,6.130285960819465,88.00577590345463,105.86820592217765,119.04788594591525,5
N,75-84,up to 2.25 years,1094,3,23,25,23,408,612,0.16392764290090173,9.788274888318572,37.14275992470323,20.954039288565728,700.427608370685,325.52338988482654,396.20368753345093,5
N,85+,over 2.25 years,392,0,12,15,22,266,77,0.09247940737062343,4.343525605540091,11.648736485599693,9.7646160916753,121.63518511876617,244.51545729104816,315.8970710261199,5
N,85+,up to 2.25 years,2196,1,37,36,36,723,1363,0.2317466645245162,10.642969996638655,54.527672929002094,38.630670987160094,1260.135760189509,831.8311792331657,639.8821734779011,5
